name;value;is_triggered
ASDA;0.923232;0
ASDA;0.923232;0
ASDA;0.923232;0
ASDA;0.923232;0
ASDA;0.923232;0
ASDA;0.923232;0
ASDA;0.923232;0
ASDA;0.923232;0
ASDA;0.923232;1
ASDA;0.923232;0
ASDA;0.923232;0